<?xml version="1.0" encoding="UTF-8"?>
<GenRun Id="impl_1" LaunchPart="xc7a50ticsg324-1L" LaunchTime="1743673824">
  <File Type="ROUTE-PWR" Name="Cronometro_board_power_routed.rpt"/>
  <File Type="PA-TCL" Name="Cronometro_board.tcl"/>
  <File Type="ROUTE-PWR-SUM" Name="Cronometro_board_power_summary_routed.pb"/>
  <File Type="REPORTS-TCL" Name="Cronometro_board_reports.tcl"/>
  <File Type="BITSTR-MSK" Name="Cronometro_board.msk"/>
  <File Type="ROUTE-CLK" Name="Cronometro_board_clock_utilization_routed.rpt"/>
  <File Type="RDI-RDI" Name="Cronometro_board.vdi"/>
  <File Type="POSTROUTE-PHYSOPT-BUS-SKEW-PB" Name="Cronometro_board_bus_skew_postroute_physopted.pb"/>
  <File Type="BG-BIT" Name="Cronometro_board.bit"/>
  <File Type="BG-DRC" Name="Cronometro_board.drc"/>
  <File Type="BG-BGN" Name="Cronometro_board.bgn"/>
  <File Type="BG-BIN" Name="Cronometro_board.bin"/>
  <File Type="BITSTR-RBT" Name="Cronometro_board.rbt"/>
  <File Type="BITSTR-NKY" Name="Cronometro_board.nky"/>
  <File Type="BITSTR-BMM" Name="Cronometro_board_bd.bmm"/>
  <File Type="BITSTR-MMI" Name="Cronometro_board.mmi"/>
  <File Type="ROUTE-METHODOLOGY-DRC" Name="Cronometro_board_methodology_drc_routed.rpt"/>
  <File Type="BITSTR-SYSDEF" Name="Cronometro_board.sysdef"/>
  <File Type="BITSTR-LTX" Name="debug_nets.ltx"/>
  <File Type="BITSTR-LTX" Name="Cronometro_board.ltx"/>
  <File Type="WBT-USG" Name="usage_statistics_webtalk.html"/>
  <File Type="OPT-DRC" Name="Cronometro_board_drc_opted.rpt"/>
  <File Type="OPT-HWDEF" Name="Cronometro_board.hwdef"/>
  <File Type="PLACE-IO" Name="Cronometro_board_io_placed.rpt"/>
  <File Type="PLACE-UTIL" Name="Cronometro_board_utilization_placed.rpt"/>
  <File Type="PLACE-UTIL-PB" Name="Cronometro_board_utilization_placed.pb"/>
  <File Type="PLACE-CTRL" Name="Cronometro_board_control_sets_placed.rpt"/>
  <File Type="PLACE-PRE-SIMILARITY" Name="Cronometro_board_incremental_reuse_pre_placed.rpt"/>
  <File Type="ROUTE-DRC" Name="Cronometro_board_drc_routed.rpt"/>
  <File Type="ROUTE-DRC-PB" Name="Cronometro_board_drc_routed.pb"/>
  <File Type="ROUTE-PWR-RPX" Name="Cronometro_board_power_routed.rpx"/>
  <File Type="ROUTE-STATUS" Name="Cronometro_board_route_status.rpt"/>
  <File Type="ROUTE-STATUS-PB" Name="Cronometro_board_route_status.pb"/>
  <File Type="ROUTE-DCP" Name="Cronometro_board_routed.dcp"/>
  <File Type="ROUTE-ERROR-DCP" Name="Cronometro_board_routed_error.dcp"/>
  <File Type="ROUTE-BLACKBOX-DCP" Name="Cronometro_board_routed_bb.dcp"/>
  <File Type="ROUTE-TIMINGSUMMARY" Name="Cronometro_board_timing_summary_routed.rpt"/>
  <File Type="ROUTE-TIMING-PB" Name="Cronometro_board_timing_summary_routed.pb"/>
  <File Type="ROUTE-TIMING-RPX" Name="Cronometro_board_timing_summary_routed.rpx"/>
  <File Type="ROUTE-SIMILARITY" Name="Cronometro_board_incremental_reuse_routed.rpt"/>
  <File Type="ROUTE-BUS-SKEW" Name="Cronometro_board_bus_skew_routed.rpt"/>
  <File Type="ROUTE-BUS-SKEW-PB" Name="Cronometro_board_bus_skew_routed.pb"/>
  <File Type="ROUTE-BUS-SKEW-RPX" Name="Cronometro_board_bus_skew_routed.rpx"/>
  <File Type="OPT-DCP" Name="Cronometro_board_opt.dcp"/>
  <File Type="PLACE-DCP" Name="Cronometro_board_placed.dcp"/>
  <File Type="PWROPT-DCP" Name="Cronometro_board_pwropt.dcp"/>
  <File Type="POSTPLACE-PWROPT-DCP" Name="Cronometro_board_postplace_pwropt.dcp"/>
  <File Type="PHYSOPT-DCP" Name="Cronometro_board_physopt.dcp"/>
  <File Type="POSTROUTE-PHYSOPT-DCP" Name="Cronometro_board_postroute_physopt.dcp"/>
  <File Type="POSTROUTE-PHYSOPT-BLACKBOX-DCP" Name="Cronometro_board_postroute_physopt_bb.dcp"/>
  <File Type="POSTROUTE-PHYSOPT-TIMING" Name="Cronometro_board_timing_summary_postroute_physopted.rpt"/>
  <File Type="POSTROUTE-PHYSOPT-TIMING-PB" Name="Cronometro_board_timing_summary_postroute_physopted.pb"/>
  <File Type="POSTROUTE-PHYSOPT-TIMING-RPX" Name="Cronometro_board_timing_summary_postroute_physopted.rpx"/>
  <File Type="POSTROUTE-PHYSOPT-BUS-SKEW" Name="Cronometro_board_bus_skew_postroute_physopted.rpt"/>
  <File Type="POSTROUTE-PHYSOPT-BUS-SKEW-RPX" Name="Cronometro_board_bus_skew_postroute_physopted.rpx"/>
  <File Type="ROUTE-METHODOLOGY-DRC-PB" Name="Cronometro_board_methodology_drc_routed.pb"/>
  <File Type="ROUTE-DRC-RPX" Name="Cronometro_board_drc_routed.rpx"/>
  <File Type="ROUTE-METHODOLOGY-DRC-RPX" Name="Cronometro_board_methodology_drc_routed.rpx"/>
  <File Type="PDI-FILE" Name="Cronometro_board.pdi"/>
  <File Type="BOOT-PDI-FILE" Name="Cronometro_board_soc.pdi"/>
  <File Type="PL-PDI-FILE" Name="Cronometro_board_pld.pdi"/>
  <File Type="RCFI_FILE" Name="Cronometro_board.rcfi"/>
  <File Type="CFI_FILE" Name="Cronometro_board.cfi"/>
  <File Type="RNPI_FILE" Name="Cronometro_board.rnpi"/>
  <File Type="NPI_FILE" Name="Cronometro_board.npi"/>
  <File Type="RBD_FILE" Name="Cronometro_board.rbd"/>
  <File Type="ROUTE-RQS" Name="Cronometro_board_routed.rqs"/>
  <File Type="POSTROUTE-PHYSOPT-RQS" Name="Cronometro_board_postroute_physopted.rqs"/>
  <File Type="ROUTE-RQS-RPT" Name="route_report_qor_suggestions_0.rpt"/>
  <File Type="POSTROUTE-PHYSOPT-RQS-RPT" Name="postroute_physopt_report_qor_suggestions_0.rpt"/>
  <FileSet Name="sources" Type="DesignSrcs" RelSrcDir="$PSRCDIR/sources_1" RelGenDir="$PGENDIR/sources_1">
    <Filter Type="Srcs"/>
    <File Path="$PSRCDIR/sources_1/new/CU_cron_board.vhd">
      <FileInfo>
        <Attr Name="UsedIn" Val="synthesis"/>
        <Attr Name="UsedIn" Val="simulation"/>
      </FileInfo>
    </File>
    <File Path="$PSRCDIR/sources_1/new/Cont_mod_N.vhd">
      <FileInfo>
        <Attr Name="UsedIn" Val="synthesis"/>
        <Attr Name="UsedIn" Val="simulation"/>
      </FileInfo>
    </File>
    <File Path="$PSRCDIR/sources_1/new/Cronometro.vhd">
      <FileInfo>
        <Attr Name="UsedIn" Val="synthesis"/>
        <Attr Name="UsedIn" Val="simulation"/>
      </FileInfo>
    </File>
    <File Path="$PSRCDIR/sources_1/new/anodes_manager.vhd">
      <FileInfo>
        <Attr Name="UsedIn" Val="synthesis"/>
        <Attr Name="UsedIn" Val="simulation"/>
      </FileInfo>
    </File>
    <File Path="$PSRCDIR/sources_1/new/button_debouncer.vhd">
      <FileInfo>
        <Attr Name="UsedIn" Val="synthesis"/>
        <Attr Name="UsedIn" Val="simulation"/>
      </FileInfo>
    </File>
    <File Path="$PSRCDIR/sources_1/new/cathodes_manager.vhd">
      <FileInfo>
        <Attr Name="UsedIn" Val="synthesis"/>
        <Attr Name="UsedIn" Val="simulation"/>
      </FileInfo>
    </File>
    <File Path="$PSRCDIR/sources_1/new/clock_divider.vhd">
      <FileInfo>
        <Attr Name="UsedIn" Val="synthesis"/>
        <Attr Name="UsedIn" Val="simulation"/>
      </FileInfo>
    </File>
    <File Path="$PSRCDIR/sources_1/new/clock_filter.vhd">
      <FileInfo>
        <Attr Name="UsedIn" Val="synthesis"/>
        <Attr Name="UsedIn" Val="simulation"/>
      </FileInfo>
    </File>
    <File Path="$PSRCDIR/sources_1/new/counter_mod8.vhd">
      <FileInfo>
        <Attr Name="UsedIn" Val="synthesis"/>
        <Attr Name="UsedIn" Val="simulation"/>
      </FileInfo>
    </File>
    <File Path="$PSRCDIR/sources_1/new/decimalToBinary.vhd">
      <FileInfo>
        <Attr Name="UsedIn" Val="synthesis"/>
        <Attr Name="UsedIn" Val="simulation"/>
      </FileInfo>
    </File>
    <File Path="$PSRCDIR/sources_1/new/display_seven_segments.vhd">
      <FileInfo>
        <Attr Name="UsedIn" Val="synthesis"/>
        <Attr Name="UsedIn" Val="simulation"/>
      </FileInfo>
    </File>
    <File Path="$PSRCDIR/sources_1/new/Cronometro_bd.vhd">
      <FileInfo>
        <Attr Name="UsedIn" Val="synthesis"/>
        <Attr Name="UsedIn" Val="simulation"/>
      </FileInfo>
    </File>
    <Config>
      <Option Name="DesignMode" Val="RTL"/>
      <Option Name="TopModule" Val="Cronometro_board"/>
    </Config>
  </FileSet>
  <FileSet Name="constrs_in" Type="Constrs" RelSrcDir="$PSRCDIR/constrs_1" RelGenDir="$PGENDIR/constrs_1">
    <Filter Type="Constrs"/>
    <File Path="$PSRCDIR/constrs_1/imports/digilent-xdc-master/Nexys-A7-50T-Master.xdc">
      <FileInfo>
        <Attr Name="ImportPath" Val="$PPRDIR/../../digilent-xdc-master/Nexys-A7-50T-Master.xdc"/>
        <Attr Name="ImportTime" Val="1731402747"/>
        <Attr Name="UsedIn" Val="synthesis"/>
        <Attr Name="UsedIn" Val="implementation"/>
      </FileInfo>
    </File>
    <Config>
      <Option Name="ConstrsType" Val="XDC"/>
    </Config>
  </FileSet>
  <FileSet Name="utils" Type="Utils" RelSrcDir="$PSRCDIR/utils_1" RelGenDir="$PGENDIR/utils_1">
    <Filter Type="Utils"/>
    <File Path="$PSRCDIR/utils_1/imports/synth_1/clock_divider.dcp">
      <FileInfo>
        <Attr Name="UsedIn" Val="synthesis"/>
        <Attr Name="UsedIn" Val="implementation"/>
        <Attr Name="UsedInSteps" Val="synth_1"/>
        <Attr Name="AutoDcp" Val="1"/>
      </FileInfo>
    </File>
    <Config>
      <Option Name="TopAutoSet" Val="TRUE"/>
    </Config>
  </FileSet>
  <Strategy Version="1" Minor="2">
    <StratHandle Name="Vivado Implementation Defaults" Flow="Vivado Implementation 2023"/>
    <Step Id="init_design"/>
    <Step Id="opt_design"/>
    <Step Id="power_opt_design"/>
    <Step Id="place_design"/>
    <Step Id="post_place_power_opt_design"/>
    <Step Id="phys_opt_design"/>
    <Step Id="route_design"/>
    <Step Id="post_route_phys_opt_design"/>
    <Step Id="write_bitstream"/>
    <Step Id="write_device_image"/>
  </Strategy>
</GenRun>
