<?xml version="1.0" encoding="UTF-8"?>
<GenRun Id="synth_1" LaunchPart="xc7a50ticsg324-1L" LaunchTime="1741621703" LaunchIncrCheckpoint="$PSRCDIR/utils_1/imports/synth_1/sistema_S.dcp">
  <File Type="PA-TCL" Name="sistema_S.tcl"/>
  <File Type="RDS-PROPCONSTRS" Name="sistema_S_drc_synth.rpt"/>
  <File Type="REPORTS-TCL" Name="sistema_S_reports.tcl"/>
  <File Type="RDS-RDS" Name="sistema_S.vds"/>
  <File Type="RDS-UTIL" Name="sistema_S_utilization_synth.rpt"/>
  <File Type="RDS-UTIL-PB" Name="sistema_S_utilization_synth.pb"/>
  <File Type="RDS-DCP" Name="sistema_S.dcp"/>
  <File Type="VDS-TIMINGSUMMARY" Name="sistema_S_timing_summary_synth.rpt"/>
  <File Type="VDS-TIMING-PB" Name="sistema_S_timing_summary_synth.pb"/>
  <FileSet Name="sources" Type="DesignSrcs" RelSrcDir="$PSRCDIR/sources_1" RelGenDir="$PGENDIR/sources_1">
    <Filter Type="Srcs"/>
    <File Path="$PSRCDIR/sources_1/imports/esercizio2_sistemaS_ROM_M/macchina_M/M_comb/M_comb.srcs/sources_1/new/macchina_M.vhd">
      <FileInfo>
        <Attr Name="ImportPath" Val="$PPRDIR/../macchina_M/M_comb/M_comb.srcs/sources_1/new/macchina_M.vhd"/>
        <Attr Name="ImportTime" Val="1740569816"/>
        <Attr Name="UsedIn" Val="synthesis"/>
        <Attr Name="UsedIn" Val="simulation"/>
      </FileInfo>
    </File>
    <File Path="$PSRCDIR/sources_1/imports/esercizio2_sistemaS_ROM_M/ROM16_8/ROM_16_8/ROM_16_8.srcs/sources_1/new/rom_16_8.vhd">
      <FileInfo>
        <Attr Name="ImportPath" Val="$PPRDIR/../ROM16_8/ROM_16_8/ROM_16_8.srcs/sources_1/new/rom_16_8.vhd"/>
        <Attr Name="ImportTime" Val="1740568854"/>
        <Attr Name="UsedIn" Val="synthesis"/>
        <Attr Name="UsedIn" Val="simulation"/>
      </FileInfo>
    </File>
    <File Path="$PSRCDIR/sources_1/new/sistema_S.vhd">
      <FileInfo>
        <Attr Name="UsedIn" Val="synthesis"/>
        <Attr Name="UsedIn" Val="simulation"/>
      </FileInfo>
    </File>
    <Config>
      <Option Name="DesignMode" Val="RTL"/>
      <Option Name="TopModule" Val="sistema_S"/>
    </Config>
  </FileSet>
  <FileSet Name="constrs_in" Type="Constrs" RelSrcDir="$PSRCDIR/constrs_1" RelGenDir="$PGENDIR/constrs_1">
    <Filter Type="Constrs"/>
    <File Path="$PSRCDIR/constrs_1/imports/digilent-xdc-master/Nexys-A7-50T-Master.xdc">
      <FileInfo>
        <Attr Name="ImportPath" Val="$PPRDIR/../../../../../digilent-xdc-master/Nexys-A7-50T-Master.xdc"/>
        <Attr Name="ImportTime" Val="1731402747"/>
        <Attr Name="UsedIn" Val="synthesis"/>
        <Attr Name="UsedIn" Val="implementation"/>
      </FileInfo>
    </File>
    <Config>
      <Option Name="ConstrsType" Val="XDC"/>
    </Config>
  </FileSet>
  <FileSet Name="utils" Type="Utils" RelSrcDir="$PSRCDIR/utils_1" RelGenDir="$PGENDIR/utils_1">
    <Filter Type="Utils"/>
    <File Path="$PSRCDIR/utils_1/imports/synth_1/sistema_S.dcp">
      <FileInfo>
        <Attr Name="UsedIn" Val="synthesis"/>
        <Attr Name="UsedIn" Val="implementation"/>
        <Attr Name="UsedInSteps" Val="synth_1"/>
        <Attr Name="UsedInSteps" Val="synth_1_copy_1"/>
        <Attr Name="AutoDcp" Val="1"/>
      </FileInfo>
    </File>
    <Config>
      <Option Name="TopAutoSet" Val="TRUE"/>
    </Config>
  </FileSet>
  <Strategy Version="1" Minor="2">
    <StratHandle Name="Vivado Synthesis Defaults" Flow="Vivado Synthesis 2023">
      <Desc>Vivado Synthesis Defaults</Desc>
    </StratHandle>
    <Step Id="synth_design"/>
  </Strategy>
</GenRun>
