<?xml version="1.0" encoding="UTF-8"?>
<GenRun Id="impl_1" LaunchPart="xc7a50ticsg324-1L" LaunchTime="1741621790">
  <File Type="ROUTE-PWR" Name="sistema_S_power_routed.rpt"/>
  <File Type="PA-TCL" Name="sistema_S.tcl"/>
  <File Type="ROUTE-PWR-SUM" Name="sistema_S_power_summary_routed.pb"/>
  <File Type="REPORTS-TCL" Name="sistema_S_reports.tcl"/>
  <File Type="OPT-RQA-PB" Name="sistema_S_rqa_opted.pb"/>
  <File Type="BITSTR-MMI" Name="sistema_S.mmi"/>
  <File Type="OPT-METHODOLOGY-DRC" Name="sistema_S_methodology_drc_opted.rpt"/>
  <File Type="INIT-TIMING" Name="sistema_S_timing_summary_init.rpt"/>
  <File Type="OPT-TIMING" Name="sistema_S_timing_summary_opted.rpt"/>
  <File Type="OPT-DCP" Name="sistema_S_opt.dcp"/>
  <File Type="OPT-DRC" Name="sistema_S_drc_opted.rpt"/>
  <File Type="OPT-HWDEF" Name="sistema_S.hwdef"/>
  <File Type="PWROPT-DCP" Name="sistema_S_pwropt.dcp"/>
  <File Type="PWROPT-DRC" Name="sistema_S_drc_pwropted.rpt"/>
  <File Type="PWROPT-TIMING" Name="sistema_S_timing_summary_pwropted.rpt"/>
  <File Type="PLACE-DCP" Name="sistema_S_placed.dcp"/>
  <File Type="PLACE-IO" Name="sistema_S_io_placed.rpt"/>
  <File Type="PLACE-CLK" Name="sistema_S_clock_utilization_placed.rpt"/>
  <File Type="PLACE-UTIL" Name="sistema_S_utilization_placed.rpt"/>
  <File Type="PLACE-UTIL-PB" Name="sistema_S_utilization_placed.pb"/>
  <File Type="PLACE-CTRL" Name="sistema_S_control_sets_placed.rpt"/>
  <File Type="PLACE-SIMILARITY" Name="sistema_S_incremental_reuse_placed.rpt"/>
  <File Type="PLACE-PRE-SIMILARITY" Name="sistema_S_incremental_reuse_pre_placed.rpt"/>
  <File Type="BG-BIN" Name="sistema_S.bin"/>
  <File Type="PLACE-TIMING" Name="sistema_S_timing_summary_placed.rpt"/>
  <File Type="ROUTE-PWR-RPX" Name="sistema_S_power_routed.rpx"/>
  <File Type="PLACE-RQA-PB" Name="sistema_S_rqa_placed.pb"/>
  <File Type="POSTPLACE-PWROPT-DCP" Name="sistema_S_postplace_pwropt.dcp"/>
  <File Type="BITSTR-MSK" Name="sistema_S.msk"/>
  <File Type="POSTPLACE-PWROPT-TIMING" Name="sistema_S_timing_summary_postplace_pwropted.rpt"/>
  <File Type="PHYSOPT-DCP" Name="sistema_S_physopt.dcp"/>
  <File Type="PHYSOPT-DRC" Name="sistema_S_drc_physopted.rpt"/>
  <File Type="BITSTR-RBT" Name="sistema_S.rbt"/>
  <File Type="PHYSOPT-TIMING" Name="sistema_S_timing_summary_physopted.rpt"/>
  <File Type="ROUTE-ERROR-DCP" Name="sistema_S_routed_error.dcp"/>
  <File Type="ROUTE-DCP" Name="sistema_S_routed.dcp"/>
  <File Type="ROUTE-BLACKBOX-DCP" Name="sistema_S_routed_bb.dcp"/>
  <File Type="ROUTE-DRC" Name="sistema_S_drc_routed.rpt"/>
  <File Type="ROUTE-DRC-PB" Name="sistema_S_drc_routed.pb"/>
  <File Type="ROUTE-DRC-RPX" Name="sistema_S_drc_routed.rpx"/>
  <File Type="ROUTE-METHODOLOGY-DRC" Name="sistema_S_methodology_drc_routed.rpt"/>
  <File Type="ROUTE-METHODOLOGY-DRC-RPX" Name="sistema_S_methodology_drc_routed.rpx"/>
  <File Type="ROUTE-METHODOLOGY-DRC-PB" Name="sistema_S_methodology_drc_routed.pb"/>
  <File Type="ROUTE-RQS-PB" Name="sistema_S_rqs_routed.pb"/>
  <File Type="ROUTE-STATUS" Name="sistema_S_route_status.rpt"/>
  <File Type="ROUTE-STATUS-PB" Name="sistema_S_route_status.pb"/>
  <File Type="ROUTE-TIMINGSUMMARY" Name="sistema_S_timing_summary_routed.rpt"/>
  <File Type="ROUTE-TIMING-PB" Name="sistema_S_timing_summary_routed.pb"/>
  <File Type="ROUTE-TIMING-RPX" Name="sistema_S_timing_summary_routed.rpx"/>
  <File Type="ROUTE-SIMILARITY" Name="sistema_S_incremental_reuse_routed.rpt"/>
  <File Type="ROUTE-CLK" Name="sistema_S_clock_utilization_routed.rpt"/>
  <File Type="ROUTE-BUS-SKEW" Name="sistema_S_bus_skew_routed.rpt"/>
  <File Type="ROUTE-BUS-SKEW-PB" Name="sistema_S_bus_skew_routed.pb"/>
  <File Type="ROUTE-BUS-SKEW-RPX" Name="sistema_S_bus_skew_routed.rpx"/>
  <File Type="POSTROUTE-PHYSOPT-DCP" Name="sistema_S_postroute_physopt.dcp"/>
  <File Type="POSTROUTE-PHYSOPT-BLACKBOX-DCP" Name="sistema_S_postroute_physopt_bb.dcp"/>
  <File Type="POSTROUTE-PHYSOPT-TIMING" Name="sistema_S_timing_summary_postroute_physopted.rpt"/>
  <File Type="POSTROUTE-PHYSOPT-TIMING-PB" Name="sistema_S_timing_summary_postroute_physopted.pb"/>
  <File Type="POSTROUTE-PHYSOPT-TIMING-RPX" Name="sistema_S_timing_summary_postroute_physopted.rpx"/>
  <File Type="POSTROUTE-PHYSOPT-BUS-SKEW" Name="sistema_S_bus_skew_postroute_physopted.rpt"/>
  <File Type="BG-BIT" Name="sistema_S.bit"/>
  <File Type="POSTROUTE-PHYSOPT-BUS-SKEW-PB" Name="sistema_S_bus_skew_postroute_physopted.pb"/>
  <File Type="POSTROUTE-PHYSOPT-BUS-SKEW-RPX" Name="sistema_S_bus_skew_postroute_physopted.rpx"/>
  <File Type="BITSTR-NKY" Name="sistema_S.nky"/>
  <File Type="BITSTR-BMM" Name="sistema_S_bd.bmm"/>
  <File Type="PDI-FILE" Name="sistema_S.pdi"/>
  <File Type="BOOT-PDI-FILE" Name="sistema_S_soc.pdi"/>
  <File Type="PL-PDI-FILE" Name="sistema_S_pld.pdi"/>
  <File Type="RCFI_FILE" Name="sistema_S.rcfi"/>
  <File Type="CFI_FILE" Name="sistema_S.cfi"/>
  <File Type="RNPI_FILE" Name="sistema_S.rnpi"/>
  <File Type="NPI_FILE" Name="sistema_S.npi"/>
  <File Type="RBD_FILE" Name="sistema_S.rbd"/>
  <File Type="BITSTR-LTX" Name="debug_nets.ltx"/>
  <File Type="BITSTR-LTX" Name="sistema_S.ltx"/>
  <File Type="BITSTR-SYSDEF" Name="sistema_S.sysdef"/>
  <File Type="BG-BGN" Name="sistema_S.bgn"/>
  <File Type="BG-DRC" Name="sistema_S.drc"/>
  <File Type="RDI-RDI" Name="sistema_S.vdi"/>
  <File Type="WBT-USG" Name="usage_statistics_webtalk.html"/>
  <File Type="ROUTE-RQS" Name="sistema_S_routed.rqs"/>
  <File Type="POSTROUTE-PHYSOPT-RQS" Name="sistema_S_postroute_physopted.rqs"/>
  <File Type="ROUTE-RQS-RPT" Name="route_report_qor_suggestions_0.rpt"/>
  <File Type="POSTROUTE-PHYSOPT-RQS-RPT" Name="postroute_physopt_report_qor_suggestions_0.rpt"/>
  <FileSet Name="sources" Type="DesignSrcs" RelSrcDir="$PSRCDIR/sources_1" RelGenDir="$PGENDIR/sources_1">
    <Filter Type="Srcs"/>
    <File Path="$PSRCDIR/sources_1/imports/esercizio2_sistemaS_ROM_M/macchina_M/M_comb/M_comb.srcs/sources_1/new/macchina_M.vhd">
      <FileInfo>
        <Attr Name="ImportPath" Val="$PPRDIR/../macchina_M/M_comb/M_comb.srcs/sources_1/new/macchina_M.vhd"/>
        <Attr Name="ImportTime" Val="1740569816"/>
        <Attr Name="UsedIn" Val="synthesis"/>
        <Attr Name="UsedIn" Val="simulation"/>
      </FileInfo>
    </File>
    <File Path="$PSRCDIR/sources_1/imports/esercizio2_sistemaS_ROM_M/ROM16_8/ROM_16_8/ROM_16_8.srcs/sources_1/new/rom_16_8.vhd">
      <FileInfo>
        <Attr Name="ImportPath" Val="$PPRDIR/../ROM16_8/ROM_16_8/ROM_16_8.srcs/sources_1/new/rom_16_8.vhd"/>
        <Attr Name="ImportTime" Val="1740568854"/>
        <Attr Name="UsedIn" Val="synthesis"/>
        <Attr Name="UsedIn" Val="simulation"/>
      </FileInfo>
    </File>
    <File Path="$PSRCDIR/sources_1/new/sistema_S.vhd">
      <FileInfo>
        <Attr Name="UsedIn" Val="synthesis"/>
        <Attr Name="UsedIn" Val="simulation"/>
      </FileInfo>
    </File>
    <Config>
      <Option Name="DesignMode" Val="RTL"/>
      <Option Name="TopModule" Val="sistema_S"/>
    </Config>
  </FileSet>
  <FileSet Name="constrs_in" Type="Constrs" RelSrcDir="$PSRCDIR/constrs_1" RelGenDir="$PGENDIR/constrs_1">
    <Filter Type="Constrs"/>
    <File Path="$PSRCDIR/constrs_1/imports/digilent-xdc-master/Nexys-A7-50T-Master.xdc">
      <FileInfo>
        <Attr Name="ImportPath" Val="$PPRDIR/../../../../../digilent-xdc-master/Nexys-A7-50T-Master.xdc"/>
        <Attr Name="ImportTime" Val="1731402747"/>
        <Attr Name="UsedIn" Val="synthesis"/>
        <Attr Name="UsedIn" Val="implementation"/>
      </FileInfo>
    </File>
    <Config>
      <Option Name="ConstrsType" Val="XDC"/>
    </Config>
  </FileSet>
  <FileSet Name="utils" Type="Utils" RelSrcDir="$PSRCDIR/utils_1" RelGenDir="$PGENDIR/utils_1">
    <Filter Type="Utils"/>
    <File Path="$PSRCDIR/utils_1/imports/synth_1/sistema_S.dcp">
      <FileInfo>
        <Attr Name="UsedIn" Val="synthesis"/>
        <Attr Name="UsedIn" Val="implementation"/>
        <Attr Name="UsedInSteps" Val="synth_1"/>
        <Attr Name="UsedInSteps" Val="synth_1_copy_1"/>
        <Attr Name="AutoDcp" Val="1"/>
      </FileInfo>
    </File>
    <Config>
      <Option Name="TopAutoSet" Val="TRUE"/>
    </Config>
  </FileSet>
  <Strategy Version="1" Minor="2">
    <StratHandle Name="Vivado Implementation Defaults" Flow="Vivado Implementation 2023">
      <Desc>Default settings for Implementation.</Desc>
    </StratHandle>
    <Step Id="init_design"/>
    <Step Id="opt_design"/>
    <Step Id="power_opt_design"/>
    <Step Id="place_design"/>
    <Step Id="post_place_power_opt_design"/>
    <Step Id="phys_opt_design"/>
    <Step Id="route_design"/>
    <Step Id="post_route_phys_opt_design"/>
    <Step Id="write_bitstream"/>
  </Strategy>
</GenRun>
