<?xml version="1.0" encoding="UTF-8"?>
<GenRun Id="impl_1" LaunchPart="xc7a50ticsg324-1L" LaunchTime="1741709532">
  <File Type="ROUTE-PWR" Name="control_unit_power_routed.rpt"/>
  <File Type="PA-TCL" Name="control_unit.tcl"/>
  <File Type="ROUTE-PWR-SUM" Name="control_unit_power_summary_routed.pb"/>
  <File Type="REPORTS-TCL" Name="control_unit_reports.tcl"/>
  <File Type="OPT-RQA-PB" Name="control_unit_rqa_opted.pb"/>
  <File Type="BITSTR-MMI" Name="control_unit.mmi"/>
  <File Type="OPT-METHODOLOGY-DRC" Name="control_unit_methodology_drc_opted.rpt"/>
  <File Type="INIT-TIMING" Name="control_unit_timing_summary_init.rpt"/>
  <File Type="OPT-TIMING" Name="control_unit_timing_summary_opted.rpt"/>
  <File Type="OPT-DCP" Name="control_unit_opt.dcp"/>
  <File Type="OPT-DRC" Name="control_unit_drc_opted.rpt"/>
  <File Type="OPT-HWDEF" Name="control_unit.hwdef"/>
  <File Type="PWROPT-DCP" Name="control_unit_pwropt.dcp"/>
  <File Type="PWROPT-DRC" Name="control_unit_drc_pwropted.rpt"/>
  <File Type="PWROPT-TIMING" Name="control_unit_timing_summary_pwropted.rpt"/>
  <File Type="PLACE-DCP" Name="control_unit_placed.dcp"/>
  <File Type="PLACE-IO" Name="control_unit_io_placed.rpt"/>
  <File Type="PLACE-CLK" Name="control_unit_clock_utilization_placed.rpt"/>
  <File Type="PLACE-UTIL" Name="control_unit_utilization_placed.rpt"/>
  <File Type="PLACE-UTIL-PB" Name="control_unit_utilization_placed.pb"/>
  <File Type="PLACE-CTRL" Name="control_unit_control_sets_placed.rpt"/>
  <File Type="PLACE-SIMILARITY" Name="control_unit_incremental_reuse_placed.rpt"/>
  <File Type="PLACE-PRE-SIMILARITY" Name="control_unit_incremental_reuse_pre_placed.rpt"/>
  <File Type="BG-BIN" Name="control_unit.bin"/>
  <File Type="PLACE-TIMING" Name="control_unit_timing_summary_placed.rpt"/>
  <File Type="ROUTE-PWR-RPX" Name="control_unit_power_routed.rpx"/>
  <File Type="PLACE-RQA-PB" Name="control_unit_rqa_placed.pb"/>
  <File Type="POSTPLACE-PWROPT-DCP" Name="control_unit_postplace_pwropt.dcp"/>
  <File Type="BITSTR-MSK" Name="control_unit.msk"/>
  <File Type="POSTPLACE-PWROPT-TIMING" Name="control_unit_timing_summary_postplace_pwropted.rpt"/>
  <File Type="PHYSOPT-DCP" Name="control_unit_physopt.dcp"/>
  <File Type="PHYSOPT-DRC" Name="control_unit_drc_physopted.rpt"/>
  <File Type="BITSTR-RBT" Name="control_unit.rbt"/>
  <File Type="PHYSOPT-TIMING" Name="control_unit_timing_summary_physopted.rpt"/>
  <File Type="ROUTE-ERROR-DCP" Name="control_unit_routed_error.dcp"/>
  <File Type="ROUTE-DCP" Name="control_unit_routed.dcp"/>
  <File Type="ROUTE-BLACKBOX-DCP" Name="control_unit_routed_bb.dcp"/>
  <File Type="ROUTE-DRC" Name="control_unit_drc_routed.rpt"/>
  <File Type="ROUTE-DRC-PB" Name="control_unit_drc_routed.pb"/>
  <File Type="ROUTE-DRC-RPX" Name="control_unit_drc_routed.rpx"/>
  <File Type="ROUTE-METHODOLOGY-DRC" Name="control_unit_methodology_drc_routed.rpt"/>
  <File Type="ROUTE-METHODOLOGY-DRC-RPX" Name="control_unit_methodology_drc_routed.rpx"/>
  <File Type="ROUTE-METHODOLOGY-DRC-PB" Name="control_unit_methodology_drc_routed.pb"/>
  <File Type="ROUTE-RQS-PB" Name="control_unit_rqs_routed.pb"/>
  <File Type="ROUTE-STATUS" Name="control_unit_route_status.rpt"/>
  <File Type="ROUTE-STATUS-PB" Name="control_unit_route_status.pb"/>
  <File Type="ROUTE-TIMINGSUMMARY" Name="control_unit_timing_summary_routed.rpt"/>
  <File Type="ROUTE-TIMING-PB" Name="control_unit_timing_summary_routed.pb"/>
  <File Type="ROUTE-TIMING-RPX" Name="control_unit_timing_summary_routed.rpx"/>
  <File Type="ROUTE-SIMILARITY" Name="control_unit_incremental_reuse_routed.rpt"/>
  <File Type="ROUTE-CLK" Name="control_unit_clock_utilization_routed.rpt"/>
  <File Type="ROUTE-BUS-SKEW" Name="control_unit_bus_skew_routed.rpt"/>
  <File Type="ROUTE-BUS-SKEW-PB" Name="control_unit_bus_skew_routed.pb"/>
  <File Type="ROUTE-BUS-SKEW-RPX" Name="control_unit_bus_skew_routed.rpx"/>
  <File Type="POSTROUTE-PHYSOPT-DCP" Name="control_unit_postroute_physopt.dcp"/>
  <File Type="POSTROUTE-PHYSOPT-BLACKBOX-DCP" Name="control_unit_postroute_physopt_bb.dcp"/>
  <File Type="POSTROUTE-PHYSOPT-TIMING" Name="control_unit_timing_summary_postroute_physopted.rpt"/>
  <File Type="POSTROUTE-PHYSOPT-TIMING-PB" Name="control_unit_timing_summary_postroute_physopted.pb"/>
  <File Type="POSTROUTE-PHYSOPT-TIMING-RPX" Name="control_unit_timing_summary_postroute_physopted.rpx"/>
  <File Type="POSTROUTE-PHYSOPT-BUS-SKEW" Name="control_unit_bus_skew_postroute_physopted.rpt"/>
  <File Type="BG-BIT" Name="control_unit.bit"/>
  <File Type="POSTROUTE-PHYSOPT-BUS-SKEW-PB" Name="control_unit_bus_skew_postroute_physopted.pb"/>
  <File Type="POSTROUTE-PHYSOPT-BUS-SKEW-RPX" Name="control_unit_bus_skew_postroute_physopted.rpx"/>
  <File Type="BITSTR-NKY" Name="control_unit.nky"/>
  <File Type="BITSTR-BMM" Name="control_unit_bd.bmm"/>
  <File Type="PDI-FILE" Name="control_unit.pdi"/>
  <File Type="BOOT-PDI-FILE" Name="control_unit_soc.pdi"/>
  <File Type="PL-PDI-FILE" Name="control_unit_pld.pdi"/>
  <File Type="RCFI_FILE" Name="control_unit.rcfi"/>
  <File Type="CFI_FILE" Name="control_unit.cfi"/>
  <File Type="RNPI_FILE" Name="control_unit.rnpi"/>
  <File Type="NPI_FILE" Name="control_unit.npi"/>
  <File Type="RBD_FILE" Name="control_unit.rbd"/>
  <File Type="BITSTR-LTX" Name="debug_nets.ltx"/>
  <File Type="BITSTR-LTX" Name="control_unit.ltx"/>
  <File Type="BITSTR-SYSDEF" Name="control_unit.sysdef"/>
  <File Type="BG-BGN" Name="control_unit.bgn"/>
  <File Type="BG-DRC" Name="control_unit.drc"/>
  <File Type="RDI-RDI" Name="control_unit.vdi"/>
  <File Type="WBT-USG" Name="usage_statistics_webtalk.html"/>
  <File Type="ROUTE-RQS" Name="control_unit_routed.rqs"/>
  <File Type="POSTROUTE-PHYSOPT-RQS" Name="control_unit_postroute_physopted.rqs"/>
  <File Type="ROUTE-RQS-RPT" Name="route_report_qor_suggestions_0.rpt"/>
  <File Type="POSTROUTE-PHYSOPT-RQS-RPT" Name="postroute_physopt_report_qor_suggestions_0.rpt"/>
  <FileSet Name="sources" Type="DesignSrcs" RelSrcDir="$PSRCDIR/sources_1" RelGenDir="$PGENDIR/sources_1">
    <Filter Type="Srcs"/>
    <File Path="$PSRCDIR/sources_1/imports/codici src/ButtonDebouncer.vhd">
      <FileInfo>
        <Attr Name="ImportPath" Val="$PPRDIR/../../codici src/ButtonDebouncer.vhd"/>
        <Attr Name="ImportTime" Val="1740391345"/>
        <Attr Name="UsedIn" Val="synthesis"/>
        <Attr Name="UsedIn" Val="simulation"/>
      </FileInfo>
    </File>
    <File Path="$PSRCDIR/sources_1/new/ric_sequence.vhd">
      <FileInfo>
        <Attr Name="UsedIn" Val="synthesis"/>
        <Attr Name="UsedIn" Val="simulation"/>
      </FileInfo>
    </File>
    <File Path="$PSRCDIR/sources_1/new/control_unit.vhd">
      <FileInfo>
        <Attr Name="UsedIn" Val="synthesis"/>
        <Attr Name="UsedIn" Val="simulation"/>
      </FileInfo>
    </File>
    <Config>
      <Option Name="DesignMode" Val="RTL"/>
      <Option Name="TopModule" Val="control_unit"/>
      <Option Name="TopAutoSet" Val="TRUE"/>
    </Config>
  </FileSet>
  <FileSet Name="constrs_in" Type="Constrs" RelSrcDir="$PSRCDIR/constrs_1" RelGenDir="$PGENDIR/constrs_1">
    <Filter Type="Constrs"/>
    <File Path="$PSRCDIR/constrs_1/imports/digilent-xdc-master/Nexys-A7-50T-Master.xdc">
      <FileInfo>
        <Attr Name="ImportPath" Val="$PPRDIR/../../../../../digilent-xdc-master/Nexys-A7-50T-Master.xdc"/>
        <Attr Name="ImportTime" Val="1731402747"/>
        <Attr Name="UsedIn" Val="synthesis"/>
        <Attr Name="UsedIn" Val="implementation"/>
      </FileInfo>
    </File>
    <Config>
      <Option Name="ConstrsType" Val="XDC"/>
    </Config>
  </FileSet>
  <FileSet Name="utils" Type="Utils" RelSrcDir="$PSRCDIR/utils_1" RelGenDir="$PGENDIR/utils_1">
    <Filter Type="Utils"/>
    <File Path="$PSRCDIR/utils_1/imports/synth_1/ric_sequence.dcp">
      <FileInfo>
        <Attr Name="UsedIn" Val="synthesis"/>
        <Attr Name="UsedIn" Val="implementation"/>
        <Attr Name="UsedInSteps" Val="synth_1"/>
        <Attr Name="AutoDcp" Val="1"/>
      </FileInfo>
    </File>
    <Config>
      <Option Name="TopAutoSet" Val="TRUE"/>
    </Config>
  </FileSet>
  <Strategy Version="1" Minor="2">
    <StratHandle Name="Vivado Implementation Defaults" Flow="Vivado Implementation 2023">
      <Desc>Default settings for Implementation.</Desc>
    </StratHandle>
    <Step Id="init_design"/>
    <Step Id="opt_design"/>
    <Step Id="power_opt_design"/>
    <Step Id="place_design"/>
    <Step Id="post_place_power_opt_design"/>
    <Step Id="phys_opt_design"/>
    <Step Id="route_design"/>
    <Step Id="post_route_phys_opt_design"/>
    <Step Id="write_bitstream"/>
  </Strategy>
</GenRun>
