<?xml version="1.0"?>
<Checkpoint Version="21" Minor="0">
	<BUILD_NUMBER Name="4029153"/>
	<FULL_BUILD Name="SW Build 4029153 on Fri Oct 13 20:14:34 MDT 2023"/>
	<PRODUCT Name="Vivado v2023.2 (64-bit)"/>
	<Part Name="xc7a12ticsg325-1L"/>
	<FeatureSet Name="FeatureSet_Classic"/>
	<Top Name="esercizio3"/>
	<DisableAutoIOBuffers Name="0"/>
	<OutOfContext Name="0"/>
	<MacroLevel Name="1"/>
	<RunGenerated Name="1"/>
	<HDPlatform Name="0"/>
	<File Type="VERILOG_STUB" Name="esercizio3_stub.v" ModTime="1732449205"/>
	<File Type="VHDL_STUB" Name="esercizio3_stub.vhdl" ModTime="1732449205"/>
	<File Type="PARAMXML" Name="esercizio3_param.xml" ModTime="1732449205"/>
	<File Type="PARAMXML" Name="esercizio3_param.xml" ModTime="1732449205"/>
	<File Type="EDIF" Name="esercizio3.edf" ModTime="1732449205"/>
	<File Type="XN" Name="esercizio3.xn" ModTime="1732449205"/>
	<File Type="SHAPE" Name="esercizio3.shape" ModTime="1732449205"/>
	<File Type="INCR" Name="esercizio3.incr" ModTime="1732449205"/>
	<File Type="RDA" Name="esercizio3.rda" ModTime="1732449205"/>
	<File Type="JSON_RDA" Name="esercizio3_rda.json" ModTime="1732449205"/>
	<File Type="WDF" Name="esercizio3.wdf" ModTime="1732449205"/>
	<File Type="SYNTH" Name="esercizio3.synth" ModTime="1732449205"/>
</Checkpoint>

