<?xml version="1.0" encoding="UTF-8"?>
<GenRun Id="synth_1" LaunchPart="xa7a15tcsg325-1Q" LaunchTime="1744274786">
  <File Type="PA-TCL" Name="system.tcl"/>
  <File Type="RDS-PROPCONSTRS" Name="system_drc_synth.rpt"/>
  <File Type="REPORTS-TCL" Name="system_reports.tcl"/>
  <File Type="RDS-RDS" Name="system.vds"/>
  <File Type="RDS-UTIL" Name="system_utilization_synth.rpt"/>
  <File Type="RDS-UTIL-PB" Name="system_utilization_synth.pb"/>
  <File Type="RDS-DCP" Name="system.dcp"/>
  <File Type="VDS-TIMINGSUMMARY" Name="system_timing_summary_synth.rpt"/>
  <File Type="VDS-TIMING-PB" Name="system_timing_summary_synth.pb"/>
  <FileSet Name="sources" Type="DesignSrcs" RelSrcDir="$PSRCDIR/sources_1" RelGenDir="$PGENDIR/sources_1">
    <Filter Type="Srcs"/>
    <File Path="$PSRCDIR/sources_1/imports/sources_1/new/MEM.vhd">
      <FileInfo>
        <Attr Name="ImportPath" Val="$PPRDIR/../Progetto_5/Progetto_5.srcs/sources_1/new/MEM.vhd"/>
        <Attr Name="ImportTime" Val="1710343120"/>
        <Attr Name="UsedIn" Val="synthesis"/>
        <Attr Name="UsedIn" Val="simulation"/>
      </FileInfo>
    </File>
    <File Path="$PSRCDIR/sources_1/new/ROM_8x8.vhd">
      <FileInfo>
        <Attr Name="UsedIn" Val="synthesis"/>
        <Attr Name="UsedIn" Val="simulation"/>
      </FileInfo>
    </File>
    <File Path="$PSRCDIR/sources_1/imports/Interfaccia DiligentRS232Ref/RS232RefComp.vhd">
      <FileInfo>
        <Attr Name="ImportPath" Val="$PPRDIR/../../Users/pasqu/Documents/Università/Architettura dei Sistemi Digitali/Librerie/Interfaccia DiligentRS232Ref/RS232RefComp.vhd"/>
        <Attr Name="ImportTime" Val="1710092222"/>
        <Attr Name="UsedIn" Val="synthesis"/>
        <Attr Name="UsedIn" Val="simulation"/>
      </FileInfo>
    </File>
    <File Path="$PSRCDIR/sources_1/imports/new/clock_divider.vhd">
      <FileInfo>
        <Attr Name="ImportPath" Val="$PPRDIR/../Progetto_6/Progetto 6.srcs/sources_1/new/clock_divider.vhd"/>
        <Attr Name="ImportTime" Val="1710112587"/>
        <Attr Name="UsedIn" Val="synthesis"/>
        <Attr Name="UsedIn" Val="simulation"/>
      </FileInfo>
    </File>
    <File Path="$PSRCDIR/sources_1/new/control_unit_a.vhd">
      <FileInfo>
        <Attr Name="UsedIn" Val="synthesis"/>
        <Attr Name="UsedIn" Val="simulation"/>
      </FileInfo>
    </File>
    <File Path="$PSRCDIR/sources_1/new/control_unit_b.vhd">
      <FileInfo>
        <Attr Name="UsedIn" Val="synthesis"/>
        <Attr Name="UsedIn" Val="simulation"/>
      </FileInfo>
    </File>
    <File Path="$PSRCDIR/sources_1/imports/sources_1/imports/new/gen_counter.vhd">
      <FileInfo>
        <Attr Name="ImportPath" Val="$PPRDIR/../Progetto_5/Progetto_5.srcs/sources_1/imports/new/gen_counter.vhd"/>
        <Attr Name="ImportTime" Val="1710147647"/>
        <Attr Name="UsedIn" Val="synthesis"/>
        <Attr Name="UsedIn" Val="simulation"/>
      </FileInfo>
    </File>
    <File Path="$PSRCDIR/sources_1/new/system_a.vhd">
      <FileInfo>
        <Attr Name="UsedIn" Val="synthesis"/>
        <Attr Name="UsedIn" Val="simulation"/>
      </FileInfo>
    </File>
    <File Path="$PSRCDIR/sources_1/new/system_b.vhd">
      <FileInfo>
        <Attr Name="UsedIn" Val="synthesis"/>
        <Attr Name="UsedIn" Val="simulation"/>
      </FileInfo>
    </File>
    <File Path="$PSRCDIR/sources_1/new/system.vhd">
      <FileInfo>
        <Attr Name="UsedIn" Val="synthesis"/>
        <Attr Name="UsedIn" Val="simulation"/>
      </FileInfo>
    </File>
    <Config>
      <Option Name="DesignMode" Val="RTL"/>
      <Option Name="TopModule" Val="system"/>
      <Option Name="TopAutoSet" Val="TRUE"/>
    </Config>
  </FileSet>
  <FileSet Name="constrs_in" Type="Constrs" RelSrcDir="$PSRCDIR/constrs_1" RelGenDir="$PGENDIR/constrs_1">
    <Filter Type="Constrs"/>
    <Config>
      <Option Name="ConstrsType" Val="XDC"/>
    </Config>
  </FileSet>
  <FileSet Name="utils" Type="Utils" RelSrcDir="$PSRCDIR/utils_1" RelGenDir="$PGENDIR/utils_1">
    <Filter Type="Utils"/>
    <Config>
      <Option Name="TopAutoSet" Val="TRUE"/>
    </Config>
  </FileSet>
  <Strategy Version="1" Minor="2">
    <StratHandle Name="Vivado Synthesis Defaults" Flow="Vivado Synthesis 2023">
      <Desc>Vivado Synthesis Defaults</Desc>
    </StratHandle>
    <Step Id="synth_design"/>
  </Strategy>
</GenRun>
