<?xml version="1.0" encoding="UTF-8"?>
<GenRun Id="impl_1" LaunchPart="xc7a100tcsg324-1" LaunchTime="1710234886">
  <File Type="ROUTE-PWR" Name="chrono_display_power_routed.rpt"/>
  <File Type="PA-TCL" Name="chrono_display.tcl"/>
  <File Type="ROUTE-PWR-SUM" Name="chrono_display_power_summary_routed.pb"/>
  <File Type="REPORTS-TCL" Name="chrono_display_reports.tcl"/>
  <File Type="BITSTR-MSK" Name="chrono_display.msk"/>
  <File Type="ROUTE-CLK" Name="chrono_display_clock_utilization_routed.rpt"/>
  <File Type="RDI-RDI" Name="chrono_display.vdi"/>
  <File Type="POSTROUTE-PHYSOPT-BUS-SKEW-PB" Name="chrono_display_bus_skew_postroute_physopted.pb"/>
  <File Type="BG-BIT" Name="chrono_display.bit"/>
  <File Type="BG-DRC" Name="chrono_display.drc"/>
  <File Type="BG-BGN" Name="chrono_display.bgn"/>
  <File Type="BG-BIN" Name="chrono_display.bin"/>
  <File Type="BITSTR-RBT" Name="chrono_display.rbt"/>
  <File Type="BITSTR-NKY" Name="chrono_display.nky"/>
  <File Type="BITSTR-BMM" Name="chrono_display_bd.bmm"/>
  <File Type="BITSTR-MMI" Name="chrono_display.mmi"/>
  <File Type="ROUTE-METHODOLOGY-DRC" Name="chrono_display_methodology_drc_routed.rpt"/>
  <File Type="BITSTR-SYSDEF" Name="chrono_display.sysdef"/>
  <File Type="BITSTR-LTX" Name="debug_nets.ltx"/>
  <File Type="BITSTR-LTX" Name="chrono_display.ltx"/>
  <File Type="WBT-USG" Name="usage_statistics_webtalk.html"/>
  <File Type="OPT-DRC" Name="chrono_display_drc_opted.rpt"/>
  <File Type="OPT-HWDEF" Name="chrono_display.hwdef"/>
  <File Type="PLACE-IO" Name="chrono_display_io_placed.rpt"/>
  <File Type="PLACE-UTIL" Name="chrono_display_utilization_placed.rpt"/>
  <File Type="PLACE-UTIL-PB" Name="chrono_display_utilization_placed.pb"/>
  <File Type="PLACE-CTRL" Name="chrono_display_control_sets_placed.rpt"/>
  <File Type="PLACE-PRE-SIMILARITY" Name="chrono_display_incremental_reuse_pre_placed.rpt"/>
  <File Type="ROUTE-DRC" Name="chrono_display_drc_routed.rpt"/>
  <File Type="ROUTE-DRC-PB" Name="chrono_display_drc_routed.pb"/>
  <File Type="ROUTE-PWR-RPX" Name="chrono_display_power_routed.rpx"/>
  <File Type="ROUTE-STATUS" Name="chrono_display_route_status.rpt"/>
  <File Type="ROUTE-STATUS-PB" Name="chrono_display_route_status.pb"/>
  <File Type="ROUTE-DCP" Name="chrono_display_routed.dcp"/>
  <File Type="ROUTE-ERROR-DCP" Name="chrono_display_routed_error.dcp"/>
  <File Type="ROUTE-BLACKBOX-DCP" Name="chrono_display_routed_bb.dcp"/>
  <File Type="ROUTE-TIMINGSUMMARY" Name="chrono_display_timing_summary_routed.rpt"/>
  <File Type="ROUTE-TIMING-PB" Name="chrono_display_timing_summary_routed.pb"/>
  <File Type="ROUTE-TIMING-RPX" Name="chrono_display_timing_summary_routed.rpx"/>
  <File Type="ROUTE-SIMILARITY" Name="chrono_display_incremental_reuse_routed.rpt"/>
  <File Type="ROUTE-BUS-SKEW" Name="chrono_display_bus_skew_routed.rpt"/>
  <File Type="ROUTE-BUS-SKEW-PB" Name="chrono_display_bus_skew_routed.pb"/>
  <File Type="ROUTE-BUS-SKEW-RPX" Name="chrono_display_bus_skew_routed.rpx"/>
  <File Type="OPT-DCP" Name="chrono_display_opt.dcp"/>
  <File Type="PLACE-DCP" Name="chrono_display_placed.dcp"/>
  <File Type="PWROPT-DCP" Name="chrono_display_pwropt.dcp"/>
  <File Type="POSTPLACE-PWROPT-DCP" Name="chrono_display_postplace_pwropt.dcp"/>
  <File Type="PHYSOPT-DCP" Name="chrono_display_physopt.dcp"/>
  <File Type="POSTROUTE-PHYSOPT-DCP" Name="chrono_display_postroute_physopt.dcp"/>
  <File Type="POSTROUTE-PHYSOPT-BLACKBOX-DCP" Name="chrono_display_postroute_physopt_bb.dcp"/>
  <File Type="POSTROUTE-PHYSOPT-TIMING" Name="chrono_display_timing_summary_postroute_physopted.rpt"/>
  <File Type="POSTROUTE-PHYSOPT-TIMING-PB" Name="chrono_display_timing_summary_postroute_physopted.pb"/>
  <File Type="POSTROUTE-PHYSOPT-TIMING-RPX" Name="chrono_display_timing_summary_postroute_physopted.rpx"/>
  <File Type="POSTROUTE-PHYSOPT-BUS-SKEW" Name="chrono_display_bus_skew_postroute_physopted.rpt"/>
  <File Type="POSTROUTE-PHYSOPT-BUS-SKEW-RPX" Name="chrono_display_bus_skew_postroute_physopted.rpx"/>
  <File Type="ROUTE-METHODOLOGY-DRC-PB" Name="chrono_display_methodology_drc_routed.pb"/>
  <File Type="ROUTE-DRC-RPX" Name="chrono_display_drc_routed.rpx"/>
  <File Type="ROUTE-METHODOLOGY-DRC-RPX" Name="chrono_display_methodology_drc_routed.rpx"/>
  <File Type="PDI-FILE" Name="chrono_display.pdi"/>
  <File Type="BOOT-PDI-FILE" Name="chrono_display_boot.pdi"/>
  <File Type="PL-PDI-FILE" Name="chrono_display_pld.pdi"/>
  <File Type="RCFI_FILE" Name="chrono_display.rcfi"/>
  <File Type="CFI_FILE" Name="chrono_display.cfi"/>
  <File Type="RNPI_FILE" Name="chrono_display.rnpi"/>
  <File Type="NPI_FILE" Name="chrono_display.npi"/>
  <File Type="RBD_FILE" Name="chrono_display.rbd"/>
  <File Type="ROUTE-RQS" Name="chrono_display_routed.rqs"/>
  <File Type="POSTROUTE-PHYSOPT-RQS" Name="chrono_display_postroute_physopted.rqs"/>
  <File Type="ROUTE-RQS-RPT" Name="route_report_qor_suggestions_0.rpt"/>
  <File Type="POSTROUTE-PHYSOPT-RQS-RPT" Name="postroute_physopt_report_qor_suggestions_0.rpt"/>
  <FileSet Name="sources" Type="DesignSrcs" RelSrcDir="$PSRCDIR/sources_1" RelGenDir="$PGENDIR/sources_1">
    <Filter Type="Srcs"/>
    <File Path="$PPRDIR/../Progetto_6/Progetto 6.srcs/sources_1/new/MEM.vhd">
      <FileInfo>
        <Attr Name="UsedIn" Val="synthesis"/>
        <Attr Name="UsedIn" Val="simulation"/>
      </FileInfo>
    </File>
    <File Path="$PPRDIR/../../Users/pasqu/Documents/Università/Architettura dei Sistemi Digitali/Progetti Vivado/12_ROM_ON_DISPLAY/12_ROM_ON_DISPLAY.srcs/sources_1/imports/sources_1/imports/Display7Seg - Vivado/anodes_manager.vhd">
      <FileInfo>
        <Attr Name="UsedIn" Val="synthesis"/>
        <Attr Name="UsedIn" Val="simulation"/>
      </FileInfo>
    </File>
    <File Path="$PPRDIR/../Progetto_3/Progetto 3.srcs/sources_1/new/button_debouncer.vhd">
      <FileInfo>
        <Attr Name="UsedIn" Val="synthesis"/>
        <Attr Name="UsedIn" Val="simulation"/>
      </FileInfo>
    </File>
    <File Path="$PPRDIR/../../Users/pasqu/Documents/Università/Architettura dei Sistemi Digitali/Progetti Vivado/12_ROM_ON_DISPLAY/12_ROM_ON_DISPLAY.srcs/sources_1/imports/sources_1/imports/Display7Seg - Vivado/cathodes_manager.vhd">
      <FileInfo>
        <Attr Name="UsedIn" Val="synthesis"/>
        <Attr Name="UsedIn" Val="simulation"/>
      </FileInfo>
    </File>
    <File Path="$PSRCDIR/sources_1/new/chronometer.vhd">
      <FileInfo>
        <Attr Name="UsedIn" Val="synthesis"/>
        <Attr Name="UsedIn" Val="simulation"/>
      </FileInfo>
    </File>
    <File Path="$PPRDIR/../Progetto_6/Progetto 6.srcs/sources_1/new/clock_divider.vhd">
      <FileInfo>
        <Attr Name="UsedIn" Val="synthesis"/>
        <Attr Name="UsedIn" Val="simulation"/>
      </FileInfo>
    </File>
    <File Path="$PPRDIR/../../Users/pasqu/Documents/Università/Architettura dei Sistemi Digitali/Progetti Vivado/12_ROM_ON_DISPLAY/12_ROM_ON_DISPLAY.srcs/sources_1/imports/sources_1/imports/Display7Seg - Vivado/clock_filter.vhd">
      <FileInfo>
        <Attr Name="UsedIn" Val="synthesis"/>
        <Attr Name="UsedIn" Val="simulation"/>
      </FileInfo>
    </File>
    <File Path="$PPRDIR/../../Users/pasqu/Documents/Università/Architettura dei Sistemi Digitali/Progetti Vivado/12_ROM_ON_DISPLAY/12_ROM_ON_DISPLAY.srcs/sources_1/imports/sources_1/imports/Display7Seg - Vivado/display_seven_segments.vhd">
      <FileInfo>
        <Attr Name="UsedIn" Val="synthesis"/>
        <Attr Name="UsedIn" Val="simulation"/>
      </FileInfo>
    </File>
    <File Path="$PSRCDIR/sources_1/imports/new/gen_counter.vhd">
      <FileInfo>
        <Attr Name="ImportPath" Val="$PPRDIR/../Progetto_6/Progetto 6.srcs/sources_1/imports/Definitive/Progetto 7/Progetto 7.srcs/sources_1/imports/Nuova/sources_1/new/gen_counter.vhd"/>
        <Attr Name="ImportTime" Val="1710147647"/>
        <Attr Name="UsedIn" Val="synthesis"/>
        <Attr Name="UsedIn" Val="simulation"/>
      </FileInfo>
    </File>
    <File Path="$PPRDIR/../Progetto_1/Progetto 1.srcs/sources_1/new/gen_mux_2_1.vhd">
      <FileInfo>
        <Attr Name="UsedIn" Val="synthesis"/>
        <Attr Name="UsedIn" Val="simulation"/>
      </FileInfo>
    </File>
    <File Path="$PSRCDIR/sources_1/new/chrono_display.vhd">
      <FileInfo>
        <Attr Name="UsedIn" Val="synthesis"/>
        <Attr Name="UsedIn" Val="simulation"/>
      </FileInfo>
    </File>
    <Config>
      <Option Name="DesignMode" Val="RTL"/>
      <Option Name="TopModule" Val="chrono_display"/>
      <Option Name="TopAutoSet" Val="TRUE"/>
    </Config>
  </FileSet>
  <FileSet Name="constrs_in" Type="Constrs" RelSrcDir="$PSRCDIR/constrs_1" RelGenDir="$PGENDIR/constrs_1">
    <Filter Type="Constrs"/>
    <File Path="$PSRCDIR/constrs_1/imports/Progetto/Nexys-A7-100T-Master.xdc">
      <FileInfo>
        <Attr Name="ImportPath" Val="$PPRDIR/../Nexys-A7-100T-Master.xdc"/>
        <Attr Name="ImportTime" Val="1710070548"/>
        <Attr Name="UsedIn" Val="synthesis"/>
        <Attr Name="UsedIn" Val="implementation"/>
      </FileInfo>
    </File>
    <Config>
      <Option Name="ConstrsType" Val="XDC"/>
    </Config>
  </FileSet>
  <FileSet Name="utils" Type="Utils" RelSrcDir="$PSRCDIR/utils_1" RelGenDir="$PGENDIR/utils_1">
    <Filter Type="Utils"/>
    <File Path="$PSRCDIR/utils_1/imports/synth_1/chrono_display.dcp">
      <FileInfo>
        <Attr Name="UsedIn" Val="synthesis"/>
        <Attr Name="UsedIn" Val="implementation"/>
        <Attr Name="UsedInSteps" Val="synth_1"/>
        <Attr Name="AutoDcp" Val="1"/>
      </FileInfo>
    </File>
    <Config>
      <Option Name="TopAutoSet" Val="TRUE"/>
    </Config>
  </FileSet>
  <Strategy Version="1" Minor="2">
    <StratHandle Name="Vivado Implementation Defaults" Flow="Vivado Implementation 2023"/>
    <Step Id="init_design"/>
    <Step Id="opt_design"/>
    <Step Id="power_opt_design"/>
    <Step Id="place_design"/>
    <Step Id="post_place_power_opt_design"/>
    <Step Id="phys_opt_design"/>
    <Step Id="route_design"/>
    <Step Id="post_route_phys_opt_design"/>
    <Step Id="write_bitstream"/>
    <Step Id="write_device_image"/>
  </Strategy>
</GenRun>
