<?xml version="1.0" encoding="UTF-8"?>
<GenRun Id="impl_1" LaunchPart="xc7a50ticsg324-1L" LaunchTime="1741618175">
  <File Type="ROUTE-PWR" Name="Sorgenti_Destinazioni_board_power_routed.rpt"/>
  <File Type="PA-TCL" Name="Sorgenti_Destinazioni_board.tcl"/>
  <File Type="ROUTE-PWR-SUM" Name="Sorgenti_Destinazioni_board_power_summary_routed.pb"/>
  <File Type="REPORTS-TCL" Name="Sorgenti_Destinazioni_board_reports.tcl"/>
  <File Type="OPT-RQA-PB" Name="Sorgenti_Destinazioni_board_rqa_opted.pb"/>
  <File Type="BITSTR-MMI" Name="Sorgenti_Destinazioni_board.mmi"/>
  <File Type="OPT-METHODOLOGY-DRC" Name="Sorgenti_Destinazioni_board_methodology_drc_opted.rpt"/>
  <File Type="INIT-TIMING" Name="Sorgenti_Destinazioni_board_timing_summary_init.rpt"/>
  <File Type="OPT-TIMING" Name="Sorgenti_Destinazioni_board_timing_summary_opted.rpt"/>
  <File Type="OPT-DCP" Name="Sorgenti_Destinazioni_board_opt.dcp"/>
  <File Type="OPT-DRC" Name="Sorgenti_Destinazioni_board_drc_opted.rpt"/>
  <File Type="OPT-HWDEF" Name="Sorgenti_Destinazioni_board.hwdef"/>
  <File Type="PWROPT-DCP" Name="Sorgenti_Destinazioni_board_pwropt.dcp"/>
  <File Type="PWROPT-DRC" Name="Sorgenti_Destinazioni_board_drc_pwropted.rpt"/>
  <File Type="PWROPT-TIMING" Name="Sorgenti_Destinazioni_board_timing_summary_pwropted.rpt"/>
  <File Type="PLACE-DCP" Name="Sorgenti_Destinazioni_board_placed.dcp"/>
  <File Type="PLACE-IO" Name="Sorgenti_Destinazioni_board_io_placed.rpt"/>
  <File Type="PLACE-CLK" Name="Sorgenti_Destinazioni_board_clock_utilization_placed.rpt"/>
  <File Type="PLACE-UTIL" Name="Sorgenti_Destinazioni_board_utilization_placed.rpt"/>
  <File Type="PLACE-UTIL-PB" Name="Sorgenti_Destinazioni_board_utilization_placed.pb"/>
  <File Type="PLACE-CTRL" Name="Sorgenti_Destinazioni_board_control_sets_placed.rpt"/>
  <File Type="PLACE-SIMILARITY" Name="Sorgenti_Destinazioni_board_incremental_reuse_placed.rpt"/>
  <File Type="PLACE-PRE-SIMILARITY" Name="Sorgenti_Destinazioni_board_incremental_reuse_pre_placed.rpt"/>
  <File Type="BG-BIN" Name="Sorgenti_Destinazioni_board.bin"/>
  <File Type="PLACE-TIMING" Name="Sorgenti_Destinazioni_board_timing_summary_placed.rpt"/>
  <File Type="ROUTE-PWR-RPX" Name="Sorgenti_Destinazioni_board_power_routed.rpx"/>
  <File Type="PLACE-RQA-PB" Name="Sorgenti_Destinazioni_board_rqa_placed.pb"/>
  <File Type="POSTPLACE-PWROPT-DCP" Name="Sorgenti_Destinazioni_board_postplace_pwropt.dcp"/>
  <File Type="BITSTR-MSK" Name="Sorgenti_Destinazioni_board.msk"/>
  <File Type="POSTPLACE-PWROPT-TIMING" Name="Sorgenti_Destinazioni_board_timing_summary_postplace_pwropted.rpt"/>
  <File Type="PHYSOPT-DCP" Name="Sorgenti_Destinazioni_board_physopt.dcp"/>
  <File Type="PHYSOPT-DRC" Name="Sorgenti_Destinazioni_board_drc_physopted.rpt"/>
  <File Type="BITSTR-RBT" Name="Sorgenti_Destinazioni_board.rbt"/>
  <File Type="PHYSOPT-TIMING" Name="Sorgenti_Destinazioni_board_timing_summary_physopted.rpt"/>
  <File Type="ROUTE-ERROR-DCP" Name="Sorgenti_Destinazioni_board_routed_error.dcp"/>
  <File Type="ROUTE-DCP" Name="Sorgenti_Destinazioni_board_routed.dcp"/>
  <File Type="ROUTE-BLACKBOX-DCP" Name="Sorgenti_Destinazioni_board_routed_bb.dcp"/>
  <File Type="ROUTE-DRC" Name="Sorgenti_Destinazioni_board_drc_routed.rpt"/>
  <File Type="ROUTE-DRC-PB" Name="Sorgenti_Destinazioni_board_drc_routed.pb"/>
  <File Type="ROUTE-DRC-RPX" Name="Sorgenti_Destinazioni_board_drc_routed.rpx"/>
  <File Type="ROUTE-METHODOLOGY-DRC" Name="Sorgenti_Destinazioni_board_methodology_drc_routed.rpt"/>
  <File Type="ROUTE-METHODOLOGY-DRC-RPX" Name="Sorgenti_Destinazioni_board_methodology_drc_routed.rpx"/>
  <File Type="ROUTE-METHODOLOGY-DRC-PB" Name="Sorgenti_Destinazioni_board_methodology_drc_routed.pb"/>
  <File Type="ROUTE-RQS-PB" Name="Sorgenti_Destinazioni_board_rqs_routed.pb"/>
  <File Type="ROUTE-STATUS" Name="Sorgenti_Destinazioni_board_route_status.rpt"/>
  <File Type="ROUTE-STATUS-PB" Name="Sorgenti_Destinazioni_board_route_status.pb"/>
  <File Type="ROUTE-TIMINGSUMMARY" Name="Sorgenti_Destinazioni_board_timing_summary_routed.rpt"/>
  <File Type="ROUTE-TIMING-PB" Name="Sorgenti_Destinazioni_board_timing_summary_routed.pb"/>
  <File Type="ROUTE-TIMING-RPX" Name="Sorgenti_Destinazioni_board_timing_summary_routed.rpx"/>
  <File Type="ROUTE-SIMILARITY" Name="Sorgenti_Destinazioni_board_incremental_reuse_routed.rpt"/>
  <File Type="ROUTE-CLK" Name="Sorgenti_Destinazioni_board_clock_utilization_routed.rpt"/>
  <File Type="ROUTE-BUS-SKEW" Name="Sorgenti_Destinazioni_board_bus_skew_routed.rpt"/>
  <File Type="ROUTE-BUS-SKEW-PB" Name="Sorgenti_Destinazioni_board_bus_skew_routed.pb"/>
  <File Type="ROUTE-BUS-SKEW-RPX" Name="Sorgenti_Destinazioni_board_bus_skew_routed.rpx"/>
  <File Type="POSTROUTE-PHYSOPT-DCP" Name="Sorgenti_Destinazioni_board_postroute_physopt.dcp"/>
  <File Type="POSTROUTE-PHYSOPT-BLACKBOX-DCP" Name="Sorgenti_Destinazioni_board_postroute_physopt_bb.dcp"/>
  <File Type="POSTROUTE-PHYSOPT-TIMING" Name="Sorgenti_Destinazioni_board_timing_summary_postroute_physopted.rpt"/>
  <File Type="POSTROUTE-PHYSOPT-TIMING-PB" Name="Sorgenti_Destinazioni_board_timing_summary_postroute_physopted.pb"/>
  <File Type="POSTROUTE-PHYSOPT-TIMING-RPX" Name="Sorgenti_Destinazioni_board_timing_summary_postroute_physopted.rpx"/>
  <File Type="POSTROUTE-PHYSOPT-BUS-SKEW" Name="Sorgenti_Destinazioni_board_bus_skew_postroute_physopted.rpt"/>
  <File Type="BG-BIT" Name="Sorgenti_Destinazioni_board.bit"/>
  <File Type="POSTROUTE-PHYSOPT-BUS-SKEW-PB" Name="Sorgenti_Destinazioni_board_bus_skew_postroute_physopted.pb"/>
  <File Type="POSTROUTE-PHYSOPT-BUS-SKEW-RPX" Name="Sorgenti_Destinazioni_board_bus_skew_postroute_physopted.rpx"/>
  <File Type="BITSTR-NKY" Name="Sorgenti_Destinazioni_board.nky"/>
  <File Type="BITSTR-BMM" Name="Sorgenti_Destinazioni_board_bd.bmm"/>
  <File Type="PDI-FILE" Name="Sorgenti_Destinazioni_board.pdi"/>
  <File Type="BOOT-PDI-FILE" Name="Sorgenti_Destinazioni_board_soc.pdi"/>
  <File Type="PL-PDI-FILE" Name="Sorgenti_Destinazioni_board_pld.pdi"/>
  <File Type="RCFI_FILE" Name="Sorgenti_Destinazioni_board.rcfi"/>
  <File Type="CFI_FILE" Name="Sorgenti_Destinazioni_board.cfi"/>
  <File Type="RNPI_FILE" Name="Sorgenti_Destinazioni_board.rnpi"/>
  <File Type="NPI_FILE" Name="Sorgenti_Destinazioni_board.npi"/>
  <File Type="RBD_FILE" Name="Sorgenti_Destinazioni_board.rbd"/>
  <File Type="BITSTR-LTX" Name="debug_nets.ltx"/>
  <File Type="BITSTR-LTX" Name="Sorgenti_Destinazioni_board.ltx"/>
  <File Type="BITSTR-SYSDEF" Name="Sorgenti_Destinazioni_board.sysdef"/>
  <File Type="BG-BGN" Name="Sorgenti_Destinazioni_board.bgn"/>
  <File Type="BG-DRC" Name="Sorgenti_Destinazioni_board.drc"/>
  <File Type="RDI-RDI" Name="Sorgenti_Destinazioni_board.vdi"/>
  <File Type="WBT-USG" Name="usage_statistics_webtalk.html"/>
  <File Type="ROUTE-RQS" Name="Sorgenti_Destinazioni_board_routed.rqs"/>
  <File Type="POSTROUTE-PHYSOPT-RQS" Name="Sorgenti_Destinazioni_board_postroute_physopted.rqs"/>
  <File Type="ROUTE-RQS-RPT" Name="route_report_qor_suggestions_0.rpt"/>
  <File Type="POSTROUTE-PHYSOPT-RQS-RPT" Name="postroute_physopt_report_qor_suggestions_0.rpt"/>
  <FileSet Name="sources" Type="DesignSrcs" RelSrcDir="$PSRCDIR/sources_1" RelGenDir="$PGENDIR/sources_1">
    <Filter Type="Srcs"/>
    <File Path="$PSRCDIR/sources_1/imports/codici src/ButtonDebouncer.vhd">
      <FileInfo>
        <Attr Name="ImportPath" Val="$PPRDIR/../../codici src/ButtonDebouncer.vhd"/>
        <Attr Name="ImportTime" Val="1740391345"/>
        <Attr Name="UsedIn" Val="synthesis"/>
        <Attr Name="UsedIn" Val="simulation"/>
      </FileInfo>
    </File>
    <File Path="$PSRCDIR/sources_1/new/Demux1_4.vhd">
      <FileInfo>
        <Attr Name="UsedIn" Val="synthesis"/>
        <Attr Name="UsedIn" Val="simulation"/>
      </FileInfo>
    </File>
    <File Path="$PSRCDIR/sources_1/new/Mux16_1.vhd">
      <FileInfo>
        <Attr Name="UsedIn" Val="synthesis"/>
        <Attr Name="UsedIn" Val="simulation"/>
      </FileInfo>
    </File>
    <File Path="$PSRCDIR/sources_1/new/Mux4_1.vhd">
      <FileInfo>
        <Attr Name="UsedIn" Val="synthesis"/>
        <Attr Name="UsedIn" Val="simulation"/>
      </FileInfo>
    </File>
    <File Path="$PSRCDIR/sources_1/new/Sorgenti_Destinazioni.vhd">
      <FileInfo>
        <Attr Name="UsedIn" Val="synthesis"/>
        <Attr Name="UsedIn" Val="simulation"/>
      </FileInfo>
    </File>
    <File Path="$PSRCDIR/sources_1/new/rete_di_controllo.vhd">
      <FileInfo>
        <Attr Name="UsedIn" Val="synthesis"/>
        <Attr Name="UsedIn" Val="simulation"/>
      </FileInfo>
    </File>
    <File Path="$PSRCDIR/sources_1/new/Sorgenti_Destinazioni_board.vhd">
      <FileInfo>
        <Attr Name="UsedIn" Val="synthesis"/>
        <Attr Name="UsedIn" Val="simulation"/>
      </FileInfo>
    </File>
    <Config>
      <Option Name="DesignMode" Val="RTL"/>
      <Option Name="TopModule" Val="Sorgenti_Destinazioni_board"/>
    </Config>
  </FileSet>
  <FileSet Name="constrs_in" Type="Constrs" RelSrcDir="$PSRCDIR/constrs_1" RelGenDir="$PGENDIR/constrs_1">
    <Filter Type="Constrs"/>
    <File Path="$PSRCDIR/constrs_1/imports/digilent-xdc-master/Nexys-A7-50T-Master.xdc">
      <FileInfo>
        <Attr Name="ImportPath" Val="$PPRDIR/../../../../../digilent-xdc-master/Nexys-A7-50T-Master.xdc"/>
        <Attr Name="ImportTime" Val="1731402747"/>
        <Attr Name="UsedIn" Val="synthesis"/>
        <Attr Name="UsedIn" Val="implementation"/>
      </FileInfo>
    </File>
    <Config>
      <Option Name="ConstrsType" Val="XDC"/>
    </Config>
  </FileSet>
  <FileSet Name="utils" Type="Utils" RelSrcDir="$PSRCDIR/utils_1" RelGenDir="$PGENDIR/utils_1">
    <Filter Type="Utils"/>
    <File Path="$PSRCDIR/utils_1/imports/synth_1/MUX_2_1.dcp">
      <FileInfo>
        <Attr Name="UsedIn" Val="synthesis"/>
        <Attr Name="UsedIn" Val="implementation"/>
        <Attr Name="UsedInSteps" Val="synth_1"/>
        <Attr Name="UsedInSteps" Val="synth_1_copy_1"/>
        <Attr Name="AutoDcp" Val="1"/>
      </FileInfo>
    </File>
    <Config>
      <Option Name="TopAutoSet" Val="TRUE"/>
    </Config>
  </FileSet>
  <Strategy Version="1" Minor="2">
    <StratHandle Name="Vivado Implementation Defaults" Flow="Vivado Implementation 2023">
      <Desc>Default settings for Implementation.</Desc>
    </StratHandle>
    <Step Id="init_design"/>
    <Step Id="opt_design"/>
    <Step Id="power_opt_design"/>
    <Step Id="place_design"/>
    <Step Id="post_place_power_opt_design"/>
    <Step Id="phys_opt_design"/>
    <Step Id="route_design"/>
    <Step Id="post_route_phys_opt_design"/>
    <Step Id="write_bitstream"/>
  </Strategy>
</GenRun>
