<?xml version="1.0" encoding="UTF-8"?>
<GenRun Id="impl_1" LaunchPart="xc7a200tsbv484-2L" LaunchTime="1739458238">
  <File Type="ROUTE-PWR" Name="Mux16_1_power_routed.rpt"/>
  <File Type="PA-TCL" Name="Mux16_1.tcl"/>
  <File Type="ROUTE-PWR-SUM" Name="Mux16_1_power_summary_routed.pb"/>
  <File Type="REPORTS-TCL" Name="Mux16_1_reports.tcl"/>
  <File Type="BITSTR-MSK" Name="Mux16_1.msk"/>
  <File Type="ROUTE-CLK" Name="Mux16_1_clock_utilization_routed.rpt"/>
  <File Type="RDI-RDI" Name="Mux16_1.vdi"/>
  <File Type="POSTROUTE-PHYSOPT-BUS-SKEW-PB" Name="Mux16_1_bus_skew_postroute_physopted.pb"/>
  <File Type="BG-BIT" Name="Mux16_1.bit"/>
  <File Type="BG-DRC" Name="Mux16_1.drc"/>
  <File Type="BG-BGN" Name="Mux16_1.bgn"/>
  <File Type="BG-BIN" Name="Mux16_1.bin"/>
  <File Type="BITSTR-RBT" Name="Mux16_1.rbt"/>
  <File Type="BITSTR-NKY" Name="Mux16_1.nky"/>
  <File Type="BITSTR-BMM" Name="Mux16_1_bd.bmm"/>
  <File Type="BITSTR-MMI" Name="Mux16_1.mmi"/>
  <File Type="ROUTE-METHODOLOGY-DRC" Name="Mux16_1_methodology_drc_routed.rpt"/>
  <File Type="BITSTR-SYSDEF" Name="Mux16_1.sysdef"/>
  <File Type="BITSTR-LTX" Name="debug_nets.ltx"/>
  <File Type="BITSTR-LTX" Name="Mux16_1.ltx"/>
  <File Type="WBT-USG" Name="usage_statistics_webtalk.html"/>
  <File Type="OPT-DRC" Name="Mux16_1_drc_opted.rpt"/>
  <File Type="OPT-HWDEF" Name="Mux16_1.hwdef"/>
  <File Type="PLACE-IO" Name="Mux16_1_io_placed.rpt"/>
  <File Type="PLACE-UTIL" Name="Mux16_1_utilization_placed.rpt"/>
  <File Type="PLACE-UTIL-PB" Name="Mux16_1_utilization_placed.pb"/>
  <File Type="PLACE-CTRL" Name="Mux16_1_control_sets_placed.rpt"/>
  <File Type="PLACE-PRE-SIMILARITY" Name="Mux16_1_incremental_reuse_pre_placed.rpt"/>
  <File Type="ROUTE-DRC" Name="Mux16_1_drc_routed.rpt"/>
  <File Type="ROUTE-DRC-PB" Name="Mux16_1_drc_routed.pb"/>
  <File Type="ROUTE-PWR-RPX" Name="Mux16_1_power_routed.rpx"/>
  <File Type="ROUTE-STATUS" Name="Mux16_1_route_status.rpt"/>
  <File Type="ROUTE-STATUS-PB" Name="Mux16_1_route_status.pb"/>
  <File Type="ROUTE-DCP" Name="Mux16_1_routed.dcp"/>
  <File Type="ROUTE-ERROR-DCP" Name="Mux16_1_routed_error.dcp"/>
  <File Type="ROUTE-BLACKBOX-DCP" Name="Mux16_1_routed_bb.dcp"/>
  <File Type="ROUTE-TIMINGSUMMARY" Name="Mux16_1_timing_summary_routed.rpt"/>
  <File Type="ROUTE-TIMING-PB" Name="Mux16_1_timing_summary_routed.pb"/>
  <File Type="ROUTE-TIMING-RPX" Name="Mux16_1_timing_summary_routed.rpx"/>
  <File Type="ROUTE-SIMILARITY" Name="Mux16_1_incremental_reuse_routed.rpt"/>
  <File Type="ROUTE-BUS-SKEW" Name="Mux16_1_bus_skew_routed.rpt"/>
  <File Type="ROUTE-BUS-SKEW-PB" Name="Mux16_1_bus_skew_routed.pb"/>
  <File Type="ROUTE-BUS-SKEW-RPX" Name="Mux16_1_bus_skew_routed.rpx"/>
  <File Type="OPT-DCP" Name="Mux16_1_opt.dcp"/>
  <File Type="PLACE-DCP" Name="Mux16_1_placed.dcp"/>
  <File Type="PWROPT-DCP" Name="Mux16_1_pwropt.dcp"/>
  <File Type="POSTPLACE-PWROPT-DCP" Name="Mux16_1_postplace_pwropt.dcp"/>
  <File Type="PHYSOPT-DCP" Name="Mux16_1_physopt.dcp"/>
  <File Type="POSTROUTE-PHYSOPT-DCP" Name="Mux16_1_postroute_physopt.dcp"/>
  <File Type="POSTROUTE-PHYSOPT-BLACKBOX-DCP" Name="Mux16_1_postroute_physopt_bb.dcp"/>
  <File Type="POSTROUTE-PHYSOPT-TIMING" Name="Mux16_1_timing_summary_postroute_physopted.rpt"/>
  <File Type="POSTROUTE-PHYSOPT-TIMING-PB" Name="Mux16_1_timing_summary_postroute_physopted.pb"/>
  <File Type="POSTROUTE-PHYSOPT-TIMING-RPX" Name="Mux16_1_timing_summary_postroute_physopted.rpx"/>
  <File Type="POSTROUTE-PHYSOPT-BUS-SKEW" Name="Mux16_1_bus_skew_postroute_physopted.rpt"/>
  <File Type="POSTROUTE-PHYSOPT-BUS-SKEW-RPX" Name="Mux16_1_bus_skew_postroute_physopted.rpx"/>
  <File Type="ROUTE-METHODOLOGY-DRC-PB" Name="Mux16_1_methodology_drc_routed.pb"/>
  <File Type="ROUTE-DRC-RPX" Name="Mux16_1_drc_routed.rpx"/>
  <File Type="ROUTE-METHODOLOGY-DRC-RPX" Name="Mux16_1_methodology_drc_routed.rpx"/>
  <File Type="PDI-FILE" Name="Mux16_1.pdi"/>
  <File Type="BOOT-PDI-FILE" Name="Mux16_1_soc.pdi"/>
  <File Type="PL-PDI-FILE" Name="Mux16_1_pld.pdi"/>
  <File Type="RCFI_FILE" Name="Mux16_1.rcfi"/>
  <File Type="CFI_FILE" Name="Mux16_1.cfi"/>
  <File Type="RNPI_FILE" Name="Mux16_1.rnpi"/>
  <File Type="NPI_FILE" Name="Mux16_1.npi"/>
  <File Type="RBD_FILE" Name="Mux16_1.rbd"/>
  <File Type="ROUTE-RQS" Name="Mux16_1_routed.rqs"/>
  <File Type="POSTROUTE-PHYSOPT-RQS" Name="Mux16_1_postroute_physopted.rqs"/>
  <File Type="ROUTE-RQS-RPT" Name="route_report_qor_suggestions_0.rpt"/>
  <File Type="POSTROUTE-PHYSOPT-RQS-RPT" Name="postroute_physopt_report_qor_suggestions_0.rpt"/>
  <FileSet Name="sources" Type="DesignSrcs" RelSrcDir="$PSRCDIR/sources_1" RelGenDir="$PGENDIR/sources_1">
    <Filter Type="Srcs"/>
    <File Path="$PSRCDIR/sources_1/new/MUX4_1.vhd">
      <FileInfo>
        <Attr Name="UsedIn" Val="synthesis"/>
        <Attr Name="UsedIn" Val="simulation"/>
      </FileInfo>
    </File>
    <File Path="$PSRCDIR/sources_1/new/MUX_2_1.vhd">
      <FileInfo>
        <Attr Name="UsedIn" Val="synthesis"/>
        <Attr Name="UsedIn" Val="simulation"/>
      </FileInfo>
    </File>
    <File Path="$PSRCDIR/sources_1/new/Mux16_1.vhd">
      <FileInfo>
        <Attr Name="UsedIn" Val="synthesis"/>
        <Attr Name="UsedIn" Val="simulation"/>
      </FileInfo>
    </File>
    <Config>
      <Option Name="DesignMode" Val="RTL"/>
      <Option Name="TopModule" Val="Mux16_1"/>
      <Option Name="TopAutoSet" Val="TRUE"/>
    </Config>
  </FileSet>
  <FileSet Name="constrs_in" Type="Constrs" RelSrcDir="$PSRCDIR/constrs_1" RelGenDir="$PGENDIR/constrs_1">
    <Filter Type="Constrs"/>
    <Config>
      <Option Name="ConstrsType" Val="XDC"/>
    </Config>
  </FileSet>
  <FileSet Name="utils" Type="Utils" RelSrcDir="$PSRCDIR/utils_1" RelGenDir="$PGENDIR/utils_1">
    <Filter Type="Utils"/>
    <Config>
      <Option Name="TopAutoSet" Val="TRUE"/>
    </Config>
  </FileSet>
  <Strategy Version="1" Minor="2">
    <StratHandle Name="Vivado Implementation Defaults" Flow="Vivado Implementation 2023"/>
    <Step Id="init_design"/>
    <Step Id="opt_design"/>
    <Step Id="power_opt_design"/>
    <Step Id="place_design"/>
    <Step Id="post_place_power_opt_design"/>
    <Step Id="phys_opt_design"/>
    <Step Id="route_design"/>
    <Step Id="post_route_phys_opt_design"/>
    <Step Id="write_bitstream"/>
    <Step Id="write_device_image"/>
  </Strategy>
</GenRun>
